sensorID: 15, temperature: 15.000000, timestamp: 1656359774
sensorID: 21, temperature: 17.000000, timestamp: 1656359774
sensorID: 37, temperature: 18.000000, timestamp: 1656359774
sensorID: 49, temperature: 19.000000, timestamp: 1656359774
sensorID: 112, temperature: 20.000000, timestamp: 1656359774
sensorID: 129, temperature: 23.000000, timestamp: 1656359774
sensorID: 132, temperature: 24.000000, timestamp: 1656359774
sensorID: 142, temperature: 25.000000, timestamp: 1656359774
sensorID: 15, temperature: 14.925420, timestamp: 1656359804
sensorID: 21, temperature: 17.183547, timestamp: 1656359804
sensorID: 37, temperature: 17.840987, timestamp: 1656359804
sensorID: 49, temperature: 18.807750, timestamp: 1656359804
sensorID: 112, temperature: 19.861476, timestamp: 1656359804
sensorID: 129, temperature: 23.057308, timestamp: 1656359804
sensorID: 132, temperature: 23.794071, timestamp: 1656359804
sensorID: 142, temperature: 25.086001, timestamp: 1656359804
sensorID: 15, temperature: 14.979967, timestamp: 1656359834
sensorID: 21, temperature: 17.123876, timestamp: 1656359834
sensorID: 37, temperature: 17.646289, timestamp: 1656359834
sensorID: 49, temperature: 18.788146, timestamp: 1656359834
sensorID: 112, temperature: 19.900284, timestamp: 1656359834
sensorID: 129, temperature: 22.833200, timestamp: 1656359834
sensorID: 132, temperature: 23.969323, timestamp: 1656359834
sensorID: 142, temperature: 25.185178, timestamp: 1656359834
sensorID: 15, temperature: 15.208562, timestamp: 1656359864
sensorID: 21, temperature: 16.980319, timestamp: 1656359864
sensorID: 37, temperature: 17.406198, timestamp: 1656359864
sensorID: 49, temperature: 18.881909, timestamp: 1656359864
sensorID: 112, temperature: 19.870822, timestamp: 1656359864
sensorID: 129, temperature: 22.724342, timestamp: 1656359864
sensorID: 132, temperature: 23.740619, timestamp: 1656359864
sensorID: 142, temperature: 25.429604, timestamp: 1656359864
sensorID: 15, temperature: 15.028151, timestamp: 1656359894
sensorID: 21, temperature: 17.177726, timestamp: 1656359894
sensorID: 37, temperature: 17.628475, timestamp: 1656359894
sensorID: 49, temperature: 18.670030, timestamp: 1656359894
sensorID: 112, temperature: 19.821256, timestamp: 1656359894
sensorID: 129, temperature: 22.635621, timestamp: 1656359894
sensorID: 132, temperature: 23.662835, timestamp: 1656359894
sensorID: 142, temperature: 25.387136, timestamp: 1656359894
sensorID: 15, temperature: 15.210275, timestamp: 1656359924
sensorID: 21, temperature: 17.189412, timestamp: 1656359924
sensorID: 37, temperature: 17.812690, timestamp: 1656359924
sensorID: 49, temperature: 18.509882, timestamp: 1656359924
sensorID: 112, temperature: 20.047894, timestamp: 1656359924
sensorID: 129, temperature: 22.728811, timestamp: 1656359924
sensorID: 132, temperature: 23.700889, timestamp: 1656359924
sensorID: 142, temperature: 25.393778, timestamp: 1656359924
sensorID: 15, temperature: 15.457682, timestamp: 1656359954
sensorID: 21, temperature: 17.210852, timestamp: 1656359954
sensorID: 37, temperature: 17.785623, timestamp: 1656359954
sensorID: 49, temperature: 18.356380, timestamp: 1656359954
sensorID: 112, temperature: 20.244420, timestamp: 1656359954
sensorID: 129, temperature: 22.922675, timestamp: 1656359954
sensorID: 132, temperature: 23.830418, timestamp: 1656359954
sensorID: 142, temperature: 25.298178, timestamp: 1656359954
sensorID: 15, temperature: 15.626158, timestamp: 1656359984
sensorID: 21, temperature: 17.277435, timestamp: 1656359984
sensorID: 37, temperature: 17.752732, timestamp: 1656359984
sensorID: 49, temperature: 18.351834, timestamp: 1656359984
sensorID: 112, temperature: 20.426124, timestamp: 1656359984
sensorID: 129, temperature: 23.039012, timestamp: 1656359984
sensorID: 132, temperature: 23.725992, timestamp: 1656359984
sensorID: 142, temperature: 25.484321, timestamp: 1656359984
sensorID: 15, temperature: 15.685661, timestamp: 1656360014
sensorID: 21, temperature: 17.362894, timestamp: 1656360014
sensorID: 37, temperature: 17.810402, timestamp: 1656360014
sensorID: 49, temperature: 18.240303, timestamp: 1656360014
sensorID: 112, temperature: 20.325678, timestamp: 1656360014
sensorID: 129, temperature: 22.857450, timestamp: 1656360014
sensorID: 132, temperature: 23.824523, timestamp: 1656360014
sensorID: 142, temperature: 25.561683, timestamp: 1656360014
sensorID: 15, temperature: 15.568020, timestamp: 1656360044
sensorID: 21, temperature: 17.345967, timestamp: 1656360044
sensorID: 37, temperature: 17.880099, timestamp: 1656360044
sensorID: 49, temperature: 17.990422, timestamp: 1656360044
sensorID: 112, temperature: 20.122721, timestamp: 1656360044
sensorID: 129, temperature: 22.835596, timestamp: 1656360044
sensorID: 132, temperature: 23.710573, timestamp: 1656360044
sensorID: 142, temperature: 25.561581, timestamp: 1656360044
sensorID: 15, temperature: 15.815025, timestamp: 1656360074
sensorID: 21, temperature: 17.592153, timestamp: 1656360074
sensorID: 37, temperature: 17.896710, timestamp: 1656360074
sensorID: 49, temperature: 17.960385, timestamp: 1656360074
sensorID: 112, temperature: 20.037683, timestamp: 1656360074
sensorID: 129, temperature: 22.761034, timestamp: 1656360074
sensorID: 132, temperature: 23.935578, timestamp: 1656360074
sensorID: 142, temperature: 25.369836, timestamp: 1656360074
sensorID: 15, temperature: 15.623787, timestamp: 1656360104
sensorID: 21, temperature: 17.405575, timestamp: 1656360104
sensorID: 37, temperature: 17.937416, timestamp: 1656360104
sensorID: 49, temperature: 17.775689, timestamp: 1656360104
sensorID: 112, temperature: 19.944034, timestamp: 1656360104
sensorID: 129, temperature: 22.518333, timestamp: 1656360104
sensorID: 132, temperature: 24.132898, timestamp: 1656360104
sensorID: 142, temperature: 25.474756, timestamp: 1656360104
sensorID: 15, temperature: 15.688932, timestamp: 1656360134
sensorID: 21, temperature: 17.403760, timestamp: 1656360134
sensorID: 37, temperature: 18.142601, timestamp: 1656360134
sensorID: 49, temperature: 17.580022, timestamp: 1656360134
sensorID: 112, temperature: 20.185536, timestamp: 1656360134
sensorID: 129, temperature: 22.368189, timestamp: 1656360134
sensorID: 132, temperature: 24.202968, timestamp: 1656360134
sensorID: 142, temperature: 25.431491, timestamp: 1656360134
sensorID: 15, temperature: 15.866648, timestamp: 1656360164
sensorID: 21, temperature: 17.596003, timestamp: 1656360164
sensorID: 37, temperature: 18.084519, timestamp: 1656360164
sensorID: 49, temperature: 17.727879, timestamp: 1656360164
sensorID: 112, temperature: 20.179345, timestamp: 1656360164
sensorID: 129, temperature: 22.537864, timestamp: 1656360164
sensorID: 132, temperature: 23.996028, timestamp: 1656360164
sensorID: 142, temperature: 25.254588, timestamp: 1656360164
sensorID: 15, temperature: 15.836913, timestamp: 1656360194
sensorID: 21, temperature: 17.744766, timestamp: 1656360194
sensorID: 37, temperature: 18.011061, timestamp: 1656360194
sensorID: 49, temperature: 17.579812, timestamp: 1656360194
sensorID: 112, temperature: 20.094973, timestamp: 1656360194
sensorID: 129, temperature: 22.402660, timestamp: 1656360194
sensorID: 132, temperature: 23.891874, timestamp: 1656360194
sensorID: 142, temperature: 25.265823, timestamp: 1656360194
sensorID: 15, temperature: 15.820563, timestamp: 1656360224
sensorID: 21, temperature: 17.599670, timestamp: 1656360224
sensorID: 37, temperature: 17.958888, timestamp: 1656360224
sensorID: 49, temperature: 17.603193, timestamp: 1656360224
sensorID: 112, temperature: 19.876387, timestamp: 1656360224
sensorID: 129, temperature: 22.488020, timestamp: 1656360224
sensorID: 132, temperature: 24.045087, timestamp: 1656360224
sensorID: 142, temperature: 25.259561, timestamp: 1656360224
sensorID: 15, temperature: 15.720319, timestamp: 1656360254
sensorID: 21, temperature: 17.455840, timestamp: 1656360254
sensorID: 37, temperature: 17.920721, timestamp: 1656360254
sensorID: 49, temperature: 17.738761, timestamp: 1656360254
sensorID: 112, temperature: 20.072943, timestamp: 1656360254
sensorID: 129, temperature: 22.331555, timestamp: 1656360254
sensorID: 132, temperature: 23.908207, timestamp: 1656360254
sensorID: 142, temperature: 25.218786, timestamp: 1656360254
sensorID: 15, temperature: 15.502575, timestamp: 1656360284
sensorID: 21, temperature: 17.343264, timestamp: 1656360284
sensorID: 37, temperature: 17.893757, timestamp: 1656360284
sensorID: 49, temperature: 17.731449, timestamp: 1656360284
sensorID: 112, temperature: 20.317631, timestamp: 1656360284
sensorID: 129, temperature: 22.304500, timestamp: 1656360284
sensorID: 132, temperature: 24.042679, timestamp: 1656360284
sensorID: 142, temperature: 25.237075, timestamp: 1656360284
sensorID: 15, temperature: 15.422884, timestamp: 1656360314
sensorID: 21, temperature: 17.141958, timestamp: 1656360314
sensorID: 37, temperature: 18.058107, timestamp: 1656360314
sensorID: 49, temperature: 17.608949, timestamp: 1656360314
sensorID: 112, temperature: 20.291282, timestamp: 1656360314
sensorID: 129, temperature: 22.193390, timestamp: 1656360314
sensorID: 132, temperature: 24.255982, timestamp: 1656360314
sensorID: 142, temperature: 25.290813, timestamp: 1656360314
sensorID: 15, temperature: 15.525610, timestamp: 1656360344
sensorID: 21, temperature: 17.179872, timestamp: 1656360344
sensorID: 37, temperature: 17.864023, timestamp: 1656360344
sensorID: 49, temperature: 17.488485, timestamp: 1656360344
sensorID: 112, temperature: 20.092181, timestamp: 1656360344
sensorID: 129, temperature: 22.075817, timestamp: 1656360344
sensorID: 132, temperature: 24.341510, timestamp: 1656360344
sensorID: 142, temperature: 25.077489, timestamp: 1656360344
sensorID: 15, temperature: 15.420489, timestamp: 1656360374
sensorID: 21, temperature: 17.047095, timestamp: 1656360374
sensorID: 37, temperature: 17.772595, timestamp: 1656360374
sensorID: 49, temperature: 17.667216, timestamp: 1656360374
sensorID: 112, temperature: 20.044955, timestamp: 1656360374
sensorID: 129, temperature: 22.179539, timestamp: 1656360374
sensorID: 132, temperature: 24.223446, timestamp: 1656360374
sensorID: 142, temperature: 25.305627, timestamp: 1656360374
sensorID: 15, temperature: 15.358772, timestamp: 1656360404
sensorID: 21, temperature: 17.091749, timestamp: 1656360404
sensorID: 37, temperature: 17.624622, timestamp: 1656360404
sensorID: 49, temperature: 17.770084, timestamp: 1656360404
sensorID: 112, temperature: 20.083901, timestamp: 1656360404
sensorID: 129, temperature: 22.382577, timestamp: 1656360404
sensorID: 132, temperature: 24.200339, timestamp: 1656360404
sensorID: 142, temperature: 25.105340, timestamp: 1656360404
sensorID: 15, temperature: 15.302511, timestamp: 1656360434
sensorID: 21, temperature: 16.990605, timestamp: 1656360434
sensorID: 37, temperature: 17.434729, timestamp: 1656360434
sensorID: 49, temperature: 17.856323, timestamp: 1656360434
sensorID: 112, temperature: 19.887127, timestamp: 1656360434
sensorID: 129, temperature: 22.184008, timestamp: 1656360434
sensorID: 132, temperature: 24.316348, timestamp: 1656360434
sensorID: 142, temperature: 25.141386, timestamp: 1656360434
sensorID: 15, temperature: 15.205376, timestamp: 1656360464
sensorID: 21, temperature: 17.051482, timestamp: 1656360464
sensorID: 37, temperature: 17.650558, timestamp: 1656360464
sensorID: 49, temperature: 18.088070, timestamp: 1656360464
sensorID: 112, temperature: 19.872156, timestamp: 1656360464
sensorID: 129, temperature: 22.241347, timestamp: 1656360464
sensorID: 132, temperature: 24.246385, timestamp: 1656360464
sensorID: 142, temperature: 25.068436, timestamp: 1656360464
sensorID: 15, temperature: 15.305403, timestamp: 1656360494
sensorID: 21, temperature: 17.145617, timestamp: 1656360494
sensorID: 37, temperature: 17.408109, timestamp: 1656360494
sensorID: 49, temperature: 18.106971, timestamp: 1656360494
sensorID: 112, temperature: 19.944105, timestamp: 1656360494
sensorID: 129, temperature: 22.321580, timestamp: 1656360494
sensorID: 132, temperature: 24.038744, timestamp: 1656360494
sensorID: 142, temperature: 25.186843, timestamp: 1656360494
sensorID: 15, temperature: 15.072285, timestamp: 1656360524
sensorID: 21, temperature: 17.026962, timestamp: 1656360524
sensorID: 37, temperature: 17.382315, timestamp: 1656360524
sensorID: 49, temperature: 17.913152, timestamp: 1656360524
sensorID: 112, temperature: 19.967373, timestamp: 1656360524
sensorID: 129, temperature: 22.139480, timestamp: 1656360524
sensorID: 132, temperature: 24.194359, timestamp: 1656360524
sensorID: 142, temperature: 25.051935, timestamp: 1656360524
sensorID: 15, temperature: 15.257462, timestamp: 1656360554
sensorID: 21, temperature: 16.912442, timestamp: 1656360554
sensorID: 37, temperature: 17.304605, timestamp: 1656360554
sensorID: 49, temperature: 18.060944, timestamp: 1656360554
sensorID: 112, temperature: 19.763960, timestamp: 1656360554
sensorID: 129, temperature: 21.949558, timestamp: 1656360554
sensorID: 132, temperature: 23.953779, timestamp: 1656360554
sensorID: 142, temperature: 24.876578, timestamp: 1656360554
sensorID: 15, temperature: 15.467370, timestamp: 1656360584
sensorID: 21, temperature: 16.713232, timestamp: 1656360584
sensorID: 37, temperature: 17.424901, timestamp: 1656360584
sensorID: 49, temperature: 18.143009, timestamp: 1656360584
sensorID: 112, temperature: 19.979358, timestamp: 1656360584
sensorID: 129, temperature: 21.807464, timestamp: 1656360584
sensorID: 132, temperature: 23.889327, timestamp: 1656360584
sensorID: 142, temperature: 24.860942, timestamp: 1656360584
sensorID: 15, temperature: 15.521975, timestamp: 1656360614
sensorID: 21, temperature: 16.862637, timestamp: 1656360614
sensorID: 37, temperature: 17.462147, timestamp: 1656360614
sensorID: 49, temperature: 18.094566, timestamp: 1656360614
sensorID: 112, temperature: 19.853449, timestamp: 1656360614
sensorID: 129, temperature: 22.013472, timestamp: 1656360614
sensorID: 132, temperature: 24.038906, timestamp: 1656360614
sensorID: 142, temperature: 25.100767, timestamp: 1656360614
sensorID: 15, temperature: 15.275203, timestamp: 1656360644
sensorID: 21, temperature: 16.921935, timestamp: 1656360644
sensorID: 37, temperature: 17.243306, timestamp: 1656360644
sensorID: 49, temperature: 18.077979, timestamp: 1656360644
sensorID: 112, temperature: 19.742125, timestamp: 1656360644
sensorID: 129, temperature: 21.785466, timestamp: 1656360644
sensorID: 132, temperature: 23.947631, timestamp: 1656360644
sensorID: 142, temperature: 24.981521, timestamp: 1656360644
sensorID: 15, temperature: 15.264280, timestamp: 1656360674
sensorID: 21, temperature: 16.702027, timestamp: 1656360674
sensorID: 37, temperature: 17.103903, timestamp: 1656360674
sensorID: 49, temperature: 17.870543, timestamp: 1656360674
sensorID: 112, temperature: 19.608607, timestamp: 1656360674
sensorID: 129, temperature: 21.572290, timestamp: 1656360674
sensorID: 132, temperature: 24.182035, timestamp: 1656360674
sensorID: 142, temperature: 24.976381, timestamp: 1656360674
sensorID: 15, temperature: 15.224380, timestamp: 1656360704
sensorID: 21, temperature: 16.656747, timestamp: 1656360704
sensorID: 37, temperature: 17.041701, timestamp: 1656360704
sensorID: 49, temperature: 18.040660, timestamp: 1656360704
sensorID: 112, temperature: 19.594761, timestamp: 1656360704
sensorID: 129, temperature: 21.500967, timestamp: 1656360704
sensorID: 132, temperature: 24.227120, timestamp: 1656360704
sensorID: 142, temperature: 25.046483, timestamp: 1656360704
sensorID: 15, temperature: 15.356485, timestamp: 1656360734
sensorID: 21, temperature: 16.423652, timestamp: 1656360734
sensorID: 37, temperature: 16.907180, timestamp: 1656360734
sensorID: 49, temperature: 18.025215, timestamp: 1656360734
sensorID: 112, temperature: 19.645175, timestamp: 1656360734
sensorID: 129, temperature: 21.643808, timestamp: 1656360734
sensorID: 132, temperature: 24.247156, timestamp: 1656360734
sensorID: 142, temperature: 24.908079, timestamp: 1656360734
sensorID: 15, temperature: 15.473140, timestamp: 1656360764
sensorID: 21, temperature: 16.250830, timestamp: 1656360764
sensorID: 37, temperature: 16.908222, timestamp: 1656360764
sensorID: 49, temperature: 17.779615, timestamp: 1656360764
sensorID: 112, temperature: 19.443630, timestamp: 1656360764
sensorID: 129, temperature: 21.484465, timestamp: 1656360764
sensorID: 132, temperature: 24.065011, timestamp: 1656360764
sensorID: 142, temperature: 24.798664, timestamp: 1656360764
sensorID: 15, temperature: 15.471942, timestamp: 1656360794
sensorID: 21, temperature: 16.294240, timestamp: 1656360794
sensorID: 37, temperature: 16.729900, timestamp: 1656360794
sensorID: 49, temperature: 17.727086, timestamp: 1656360794
sensorID: 112, temperature: 19.585815, timestamp: 1656360794
sensorID: 129, temperature: 21.546063, timestamp: 1656360794
sensorID: 132, temperature: 23.969969, timestamp: 1656360794
sensorID: 142, temperature: 24.558505, timestamp: 1656360794
sensorID: 15, temperature: 15.703235, timestamp: 1656360824
sensorID: 21, temperature: 16.539995, timestamp: 1656360824
sensorID: 37, temperature: 16.951715, timestamp: 1656360824
sensorID: 49, temperature: 17.551284, timestamp: 1656360824
sensorID: 112, temperature: 19.406996, timestamp: 1656360824
sensorID: 129, temperature: 21.510447, timestamp: 1656360824
sensorID: 132, temperature: 24.178674, timestamp: 1656360824
sensorID: 142, temperature: 24.360845, timestamp: 1656360824
sensorID: 15, temperature: 15.909796, timestamp: 1656360854
sensorID: 21, temperature: 16.540498, timestamp: 1656360854
sensorID: 37, temperature: 17.012061, timestamp: 1656360854
sensorID: 49, temperature: 17.721459, timestamp: 1656360854
sensorID: 112, temperature: 19.161839, timestamp: 1656360854
sensorID: 129, temperature: 21.695780, timestamp: 1656360854
sensorID: 132, temperature: 24.026140, timestamp: 1656360854
sensorID: 142, temperature: 24.289067, timestamp: 1656360854
sensorID: 15, temperature: 15.725292, timestamp: 1656360884
sensorID: 21, temperature: 16.392936, timestamp: 1656360884
sensorID: 37, temperature: 17.051351, timestamp: 1656360884
sensorID: 49, temperature: 17.778116, timestamp: 1656360884
sensorID: 112, temperature: 19.268948, timestamp: 1656360884
sensorID: 129, temperature: 21.860938, timestamp: 1656360884
sensorID: 132, temperature: 23.831715, timestamp: 1656360884
sensorID: 142, temperature: 24.187872, timestamp: 1656360884
sensorID: 15, temperature: 15.928251, timestamp: 1656360914
sensorID: 21, temperature: 16.574128, timestamp: 1656360914
sensorID: 37, temperature: 16.889092, timestamp: 1656360914
sensorID: 49, temperature: 17.604891, timestamp: 1656360914
sensorID: 112, temperature: 19.037948, timestamp: 1656360914
sensorID: 129, temperature: 21.859993, timestamp: 1656360914
sensorID: 132, temperature: 23.946783, timestamp: 1656360914
sensorID: 142, temperature: 24.323716, timestamp: 1656360914
sensorID: 15, temperature: 15.962171, timestamp: 1656360944
sensorID: 21, temperature: 16.517529, timestamp: 1656360944
sensorID: 37, temperature: 16.984567, timestamp: 1656360944
sensorID: 49, temperature: 17.434832, timestamp: 1656360944
sensorID: 112, temperature: 19.145260, timestamp: 1656360944
sensorID: 129, temperature: 22.069111, timestamp: 1656360944
sensorID: 132, temperature: 23.824748, timestamp: 1656360944
sensorID: 142, temperature: 24.392907, timestamp: 1656360944
sensorID: 15, temperature: 15.853447, timestamp: 1656360974
sensorID: 21, temperature: 16.317171, timestamp: 1656360974
sensorID: 37, temperature: 16.823581, timestamp: 1656360974
sensorID: 49, temperature: 17.452070, timestamp: 1656360974
sensorID: 112, temperature: 19.069296, timestamp: 1656360974
sensorID: 129, temperature: 22.142150, timestamp: 1656360974
sensorID: 132, temperature: 23.637830, timestamp: 1656360974
sensorID: 142, temperature: 24.329622, timestamp: 1656360974
sensorID: 15, temperature: 15.790129, timestamp: 1656361004
sensorID: 21, temperature: 16.309866, timestamp: 1656361004
sensorID: 37, temperature: 16.593285, timestamp: 1656361004
sensorID: 49, temperature: 17.318656, timestamp: 1656361004
sensorID: 112, temperature: 19.189621, timestamp: 1656361004
sensorID: 129, temperature: 21.910611, timestamp: 1656361004
sensorID: 132, temperature: 23.577254, timestamp: 1656361004
sensorID: 142, temperature: 24.206201, timestamp: 1656361004
sensorID: 15, temperature: 15.969143, timestamp: 1656361034
sensorID: 21, temperature: 16.161909, timestamp: 1656361034
sensorID: 37, temperature: 16.581341, timestamp: 1656361034
sensorID: 49, temperature: 17.546662, timestamp: 1656361034
sensorID: 112, temperature: 19.250915, timestamp: 1656361034
sensorID: 129, temperature: 22.019189, timestamp: 1656361034
sensorID: 132, temperature: 23.591974, timestamp: 1656361034
sensorID: 142, temperature: 24.300067, timestamp: 1656361034
sensorID: 15, temperature: 16.080864, timestamp: 1656361064
sensorID: 21, temperature: 16.110345, timestamp: 1656361064
sensorID: 37, temperature: 16.792934, timestamp: 1656361064
sensorID: 49, temperature: 17.613219, timestamp: 1656361064
sensorID: 112, temperature: 19.344460, timestamp: 1656361064
sensorID: 129, temperature: 22.070369, timestamp: 1656361064
sensorID: 132, temperature: 23.523995, timestamp: 1656361064
sensorID: 142, temperature: 24.141139, timestamp: 1656361064
sensorID: 15, temperature: 16.180677, timestamp: 1656361094
sensorID: 21, temperature: 16.322220, timestamp: 1656361094
sensorID: 37, temperature: 16.647356, timestamp: 1656361094
sensorID: 49, temperature: 17.846537, timestamp: 1656361094
sensorID: 112, temperature: 19.420389, timestamp: 1656361094
sensorID: 129, temperature: 22.031187, timestamp: 1656361094
sensorID: 132, temperature: 23.463894, timestamp: 1656361094
sensorID: 142, temperature: 24.066280, timestamp: 1656361094
sensorID: 15, temperature: 16.400789, timestamp: 1656361124
sensorID: 21, temperature: 16.078779, timestamp: 1656361124
sensorID: 37, temperature: 16.623294, timestamp: 1656361124
sensorID: 49, temperature: 17.659797, timestamp: 1656361124
sensorID: 112, temperature: 19.566332, timestamp: 1656361124
sensorID: 129, temperature: 21.822878, timestamp: 1656361124
sensorID: 132, temperature: 23.256468, timestamp: 1656361124
sensorID: 142, temperature: 24.008731, timestamp: 1656361124
sensorID: 15, temperature: 16.184945, timestamp: 1656361154
sensorID: 21, temperature: 16.305950, timestamp: 1656361154
sensorID: 37, temperature: 16.696641, timestamp: 1656361154
sensorID: 49, temperature: 17.442740, timestamp: 1656361154
sensorID: 112, temperature: 19.325380, timestamp: 1656361154
sensorID: 129, temperature: 21.760367, timestamp: 1656361154
sensorID: 132, temperature: 23.011516, timestamp: 1656361154
sensorID: 142, temperature: 23.956329, timestamp: 1656361154
sensorID: 15, temperature: 16.187200, timestamp: 1656361184
sensorID: 21, temperature: 16.498171, timestamp: 1656361184
sensorID: 37, temperature: 16.684739, timestamp: 1656361184
sensorID: 49, temperature: 17.603405, timestamp: 1656361184
sensorID: 112, temperature: 19.131666, timestamp: 1656361184
sensorID: 129, temperature: 21.724019, timestamp: 1656361184
sensorID: 132, temperature: 22.796882, timestamp: 1656361184
sensorID: 142, temperature: 23.738139, timestamp: 1656361184
sensorID: 15, temperature: 16.366444, timestamp: 1656361214
sensorID: 21, temperature: 16.460505, timestamp: 1656361214
sensorID: 37, temperature: 16.504607, timestamp: 1656361214
sensorID: 49, temperature: 17.650421, timestamp: 1656361214
sensorID: 112, temperature: 18.968445, timestamp: 1656361214
sensorID: 129, temperature: 21.521413, timestamp: 1656361214
sensorID: 132, temperature: 22.988081, timestamp: 1656361214
sensorID: 142, temperature: 23.560621, timestamp: 1656361214
sensorID: 15, temperature: 16.334232, timestamp: 1656361244
sensorID: 21, temperature: 16.664429, timestamp: 1656361244
sensorID: 37, temperature: 16.697974, timestamp: 1656361244
sensorID: 49, temperature: 17.585207, timestamp: 1656361244
sensorID: 112, temperature: 19.054409, timestamp: 1656361244
sensorID: 129, temperature: 21.722715, timestamp: 1656361244
sensorID: 132, temperature: 23.099238, timestamp: 1656361244
sensorID: 142, temperature: 23.527223, timestamp: 1656361244
sensorID: 15, temperature: 16.377672, timestamp: 1656361274
sensorID: 21, temperature: 16.516522, timestamp: 1656361274
sensorID: 37, temperature: 16.701048, timestamp: 1656361274
sensorID: 49, temperature: 17.498901, timestamp: 1656361274
sensorID: 112, temperature: 19.192319, timestamp: 1656361274
sensorID: 129, temperature: 21.720161, timestamp: 1656361274
sensorID: 132, temperature: 22.901841, timestamp: 1656361274
sensorID: 142, temperature: 23.754933, timestamp: 1656361274
sensorID: 15, temperature: 16.484834, timestamp: 1656361304
sensorID: 21, temperature: 16.616978, timestamp: 1656361304
sensorID: 37, temperature: 16.569898, timestamp: 1656361304
sensorID: 49, temperature: 17.406588, timestamp: 1656361304
sensorID: 112, temperature: 19.322918, timestamp: 1656361304
sensorID: 129, temperature: 21.760830, timestamp: 1656361304
sensorID: 132, temperature: 22.829062, timestamp: 1656361304
sensorID: 142, temperature: 23.663495, timestamp: 1656361304
sensorID: 15, temperature: 16.350507, timestamp: 1656361334
sensorID: 21, temperature: 16.777159, timestamp: 1656361334
sensorID: 37, temperature: 16.541387, timestamp: 1656361334
sensorID: 49, temperature: 17.266912, timestamp: 1656361334
sensorID: 112, temperature: 19.269660, timestamp: 1656361334
sensorID: 129, temperature: 21.622939, timestamp: 1656361334
sensorID: 132, temperature: 22.642200, timestamp: 1656361334
sensorID: 142, temperature: 23.573334, timestamp: 1656361334
sensorID: 15, temperature: 16.438222, timestamp: 1656361364
sensorID: 21, temperature: 16.812855, timestamp: 1656361364
sensorID: 37, temperature: 16.742745, timestamp: 1656361364
sensorID: 49, temperature: 17.094156, timestamp: 1656361364
sensorID: 112, temperature: 19.089211, timestamp: 1656361364
sensorID: 129, temperature: 21.839886, timestamp: 1656361364
sensorID: 132, temperature: 22.680406, timestamp: 1656361364
sensorID: 142, temperature: 23.422285, timestamp: 1656361364
sensorID: 15, temperature: 16.423410, timestamp: 1656361394
sensorID: 21, temperature: 16.573159, timestamp: 1656361394
sensorID: 37, temperature: 16.888357, timestamp: 1656361394
sensorID: 49, temperature: 17.337992, timestamp: 1656361394
sensorID: 112, temperature: 19.311995, timestamp: 1656361394
sensorID: 129, temperature: 21.813944, timestamp: 1656361394
sensorID: 132, temperature: 22.803203, timestamp: 1656361394
sensorID: 142, temperature: 23.214742, timestamp: 1656361394
sensorID: 15, temperature: 16.445603, timestamp: 1656361424
sensorID: 21, temperature: 16.444555, timestamp: 1656361424
sensorID: 37, temperature: 16.748206, timestamp: 1656361424
sensorID: 49, temperature: 17.548831, timestamp: 1656361424
sensorID: 112, temperature: 19.119469, timestamp: 1656361424
sensorID: 129, temperature: 21.693337, timestamp: 1656361424
sensorID: 132, temperature: 22.945754, timestamp: 1656361424
sensorID: 142, temperature: 23.265320, timestamp: 1656361424
sensorID: 15, temperature: 16.257632, timestamp: 1656361454
sensorID: 21, temperature: 16.326545, timestamp: 1656361454
sensorID: 37, temperature: 16.866835, timestamp: 1656361454
sensorID: 49, temperature: 17.529886, timestamp: 1656361454
sensorID: 112, temperature: 19.113423, timestamp: 1656361454
sensorID: 129, temperature: 21.903224, timestamp: 1656361454
sensorID: 132, temperature: 23.117245, timestamp: 1656361454
sensorID: 142, temperature: 23.408275, timestamp: 1656361454
sensorID: 15, temperature: 16.280191, timestamp: 1656361484
sensorID: 21, temperature: 16.449534, timestamp: 1656361484
sensorID: 37, temperature: 16.782750, timestamp: 1656361484
sensorID: 49, temperature: 17.466099, timestamp: 1656361484
sensorID: 112, temperature: 19.240484, timestamp: 1656361484
sensorID: 129, temperature: 22.113281, timestamp: 1656361484
sensorID: 132, temperature: 23.261500, timestamp: 1656361484
sensorID: 142, temperature: 23.629339, timestamp: 1656361484
sensorID: 15, temperature: 16.453851, timestamp: 1656361514
sensorID: 21, temperature: 16.538419, timestamp: 1656361514
sensorID: 37, temperature: 16.674060, timestamp: 1656361514
sensorID: 49, temperature: 17.680744, timestamp: 1656361514
sensorID: 112, temperature: 19.095392, timestamp: 1656361514
sensorID: 129, temperature: 22.082979, timestamp: 1656361514
sensorID: 132, temperature: 23.243959, timestamp: 1656361514
sensorID: 142, temperature: 23.553965, timestamp: 1656361514
sensorID: 15, temperature: 16.330864, timestamp: 1656361544
sensorID: 21, temperature: 16.356937, timestamp: 1656361544
sensorID: 37, temperature: 16.764898, timestamp: 1656361544
sensorID: 49, temperature: 17.468419, timestamp: 1656361544
sensorID: 112, temperature: 19.192506, timestamp: 1656361544
sensorID: 129, temperature: 22.140665, timestamp: 1656361544
sensorID: 132, temperature: 23.408695, timestamp: 1656361544
sensorID: 142, temperature: 23.410743, timestamp: 1656361544
sensorID: 15, temperature: 16.268969, timestamp: 1656361574
sensorID: 21, temperature: 16.239025, timestamp: 1656361574
sensorID: 37, temperature: 16.796998, timestamp: 1656361574
sensorID: 49, temperature: 17.653789, timestamp: 1656361574
sensorID: 112, temperature: 19.319639, timestamp: 1656361574
sensorID: 129, temperature: 21.915061, timestamp: 1656361574
sensorID: 132, temperature: 23.241231, timestamp: 1656361574
sensorID: 142, temperature: 23.496807, timestamp: 1656361574
sensorID: 15, temperature: 16.082059, timestamp: 1656361604
sensorID: 21, temperature: 16.464790, timestamp: 1656361604
sensorID: 37, temperature: 16.729731, timestamp: 1656361604
sensorID: 49, temperature: 17.894646, timestamp: 1656361604
sensorID: 112, temperature: 19.224725, timestamp: 1656361604
sensorID: 129, temperature: 21.738176, timestamp: 1656361604
sensorID: 132, temperature: 23.255803, timestamp: 1656361604
sensorID: 142, temperature: 23.318721, timestamp: 1656361604
sensorID: 15, temperature: 16.271047, timestamp: 1656361634
sensorID: 21, temperature: 16.410870, timestamp: 1656361634
sensorID: 37, temperature: 16.908178, timestamp: 1656361634
sensorID: 112, temperature: 19.087200, timestamp: 1656361634
sensorID: 49, temperature: 18.051050, timestamp: 1656361634
sensorID: 129, temperature: 21.767694, timestamp: 1656361634
sensorID: 132, temperature: 23.377348, timestamp: 1656361634
sensorID: 142, temperature: 23.483514, timestamp: 1656361634
sensorID: 15, temperature: 16.205805, timestamp: 1656361664
sensorID: 21, temperature: 16.438510, timestamp: 1656361664
sensorID: 37, temperature: 17.060468, timestamp: 1656361664
sensorID: 49, temperature: 17.945285, timestamp: 1656361664
sensorID: 112, temperature: 18.945431, timestamp: 1656361664
sensorID: 129, temperature: 21.725184, timestamp: 1656361664
sensorID: 132, temperature: 23.387217, timestamp: 1656361664
sensorID: 142, temperature: 23.585680, timestamp: 1656361664
sensorID: 15, temperature: 16.058693, timestamp: 1656361694
sensorID: 21, temperature: 16.618365, timestamp: 1656361694
sensorID: 37, temperature: 16.980800, timestamp: 1656361694
sensorID: 49, temperature: 17.805644, timestamp: 1656361694
sensorID: 112, temperature: 18.942127, timestamp: 1656361694
sensorID: 129, temperature: 21.604607, timestamp: 1656361694
sensorID: 132, temperature: 23.525306, timestamp: 1656361694
sensorID: 142, temperature: 23.792763, timestamp: 1656361694
sensorID: 15, temperature: 16.105061, timestamp: 1656361724
sensorID: 21, temperature: 16.769300, timestamp: 1656361724
sensorID: 37, temperature: 16.951429, timestamp: 1656361724
sensorID: 49, temperature: 17.886255, timestamp: 1656361724
sensorID: 112, temperature: 18.864635, timestamp: 1656361724
sensorID: 129, temperature: 21.664244, timestamp: 1656361724
sensorID: 132, temperature: 23.668339, timestamp: 1656361724
sensorID: 142, temperature: 23.590205, timestamp: 1656361724
sensorID: 15, temperature: 15.909435, timestamp: 1656361754
sensorID: 21, temperature: 16.550109, timestamp: 1656361754
sensorID: 37, temperature: 17.183511, timestamp: 1656361754
sensorID: 49, temperature: 17.951029, timestamp: 1656361754
sensorID: 112, temperature: 18.949388, timestamp: 1656361754
sensorID: 129, temperature: 21.864916, timestamp: 1656361754
sensorID: 132, temperature: 23.712327, timestamp: 1656361754
sensorID: 142, temperature: 23.721133, timestamp: 1656361754
sensorID: 15, temperature: 16.110809, timestamp: 1656361784
sensorID: 21, temperature: 16.628602, timestamp: 1656361784
sensorID: 37, temperature: 17.141299, timestamp: 1656361784
sensorID: 49, temperature: 17.767786, timestamp: 1656361784
sensorID: 112, temperature: 18.742754, timestamp: 1656361784
sensorID: 129, temperature: 22.048829, timestamp: 1656361784
sensorID: 132, temperature: 23.955034, timestamp: 1656361784
sensorID: 142, temperature: 23.764206, timestamp: 1656361784
sensorID: 15, temperature: 16.209942, timestamp: 1656361814
sensorID: 21, temperature: 16.402573, timestamp: 1656361814
sensorID: 37, temperature: 17.384714, timestamp: 1656361814
sensorID: 49, temperature: 17.744505, timestamp: 1656361814
sensorID: 112, temperature: 18.917144, timestamp: 1656361814
sensorID: 129, temperature: 21.957263, timestamp: 1656361814
sensorID: 132, temperature: 23.979696, timestamp: 1656361814
sensorID: 142, temperature: 23.548315, timestamp: 1656361814
sensorID: 15, temperature: 16.148652, timestamp: 1656361844
sensorID: 21, temperature: 16.502473, timestamp: 1656361844
sensorID: 37, temperature: 17.350080, timestamp: 1656361844
sensorID: 49, temperature: 17.618935, timestamp: 1656361844
sensorID: 112, temperature: 18.784720, timestamp: 1656361844
sensorID: 129, temperature: 22.052124, timestamp: 1656361844
sensorID: 132, temperature: 23.862336, timestamp: 1656361844
sensorID: 142, temperature: 23.722290, timestamp: 1656361844
sensorID: 15, temperature: 16.259211, timestamp: 1656361874
sensorID: 21, temperature: 16.506629, timestamp: 1656361874
sensorID: 37, temperature: 17.115866, timestamp: 1656361874
sensorID: 49, temperature: 17.451203, timestamp: 1656361874
sensorID: 112, temperature: 18.784444, timestamp: 1656361874
sensorID: 129, temperature: 21.926854, timestamp: 1656361874
sensorID: 132, temperature: 24.040016, timestamp: 1656361874
sensorID: 142, temperature: 23.796603, timestamp: 1656361874
sensorID: 15, temperature: 16.053913, timestamp: 1656361904
sensorID: 21, temperature: 16.587375, timestamp: 1656361904
sensorID: 37, temperature: 16.997670, timestamp: 1656361904
sensorID: 49, temperature: 17.332166, timestamp: 1656361904
sensorID: 112, temperature: 18.894661, timestamp: 1656361904
sensorID: 129, temperature: 21.756865, timestamp: 1656361904
sensorID: 132, temperature: 23.964272, timestamp: 1656361904
sensorID: 142, temperature: 23.867822, timestamp: 1656361904
sensorID: 15, temperature: 16.024130, timestamp: 1656361934
sensorID: 21, temperature: 16.820993, timestamp: 1656361934
sensorID: 37, temperature: 17.112695, timestamp: 1656361934
sensorID: 49, temperature: 17.473670, timestamp: 1656361934
sensorID: 112, temperature: 18.696098, timestamp: 1656361934
sensorID: 129, temperature: 21.639223, timestamp: 1656361934
sensorID: 132, temperature: 23.801053, timestamp: 1656361934
sensorID: 142, temperature: 24.041085, timestamp: 1656361934
sensorID: 15, temperature: 15.827547, timestamp: 1656361964
sensorID: 21, temperature: 16.776556, timestamp: 1656361964
sensorID: 37, temperature: 17.176573, timestamp: 1656361964
sensorID: 49, temperature: 17.456290, timestamp: 1656361964
sensorID: 112, temperature: 18.632092, timestamp: 1656361964
sensorID: 129, temperature: 21.696352, timestamp: 1656361964
sensorID: 132, temperature: 24.003730, timestamp: 1656361964
sensorID: 142, temperature: 23.796534, timestamp: 1656361964
sensorID: 15, temperature: 15.665101, timestamp: 1656361994
sensorID: 21, temperature: 16.889337, timestamp: 1656361994
sensorID: 37, temperature: 17.072844, timestamp: 1656361994
sensorID: 49, temperature: 17.641072, timestamp: 1656361994
sensorID: 112, temperature: 18.837329, timestamp: 1656361994
sensorID: 129, temperature: 21.859666, timestamp: 1656361994
sensorID: 132, temperature: 24.157338, timestamp: 1656361994
sensorID: 142, temperature: 23.718328, timestamp: 1656361994
sensorID: 15, temperature: 15.488443, timestamp: 1656362024
sensorID: 21, temperature: 16.663829, timestamp: 1656362024
sensorID: 37, temperature: 16.995696, timestamp: 1656362024
sensorID: 49, temperature: 17.870010, timestamp: 1656362024
sensorID: 112, temperature: 18.686318, timestamp: 1656362024
sensorID: 129, temperature: 21.696944, timestamp: 1656362024
sensorID: 132, temperature: 24.148330, timestamp: 1656362024
sensorID: 142, temperature: 23.634944, timestamp: 1656362024
sensorID: 15, temperature: 15.637697, timestamp: 1656362054
sensorID: 21, temperature: 16.580459, timestamp: 1656362054
sensorID: 37, temperature: 17.037953, timestamp: 1656362054
sensorID: 49, temperature: 17.850959, timestamp: 1656362054
sensorID: 112, temperature: 18.901521, timestamp: 1656362054
sensorID: 129, temperature: 21.892502, timestamp: 1656362054
sensorID: 132, temperature: 24.032762, timestamp: 1656362054
sensorID: 142, temperature: 23.822800, timestamp: 1656362054
sensorID: 15, temperature: 15.790963, timestamp: 1656362084
sensorID: 21, temperature: 16.339238, timestamp: 1656362084
sensorID: 37, temperature: 16.806822, timestamp: 1656362084
sensorID: 49, temperature: 17.812207, timestamp: 1656362084
sensorID: 112, temperature: 19.111545, timestamp: 1656362084
sensorID: 129, temperature: 21.922482, timestamp: 1656362084
sensorID: 132, temperature: 24.035264, timestamp: 1656362084
sensorID: 142, temperature: 24.017272, timestamp: 1656362084
sensorID: 15, temperature: 15.914599, timestamp: 1656362114
sensorID: 21, temperature: 16.403557, timestamp: 1656362114
sensorID: 37, temperature: 16.827729, timestamp: 1656362114
sensorID: 49, temperature: 17.885421, timestamp: 1656362114
sensorID: 112, temperature: 19.115231, timestamp: 1656362114
sensorID: 129, temperature: 21.979403, timestamp: 1656362114
sensorID: 132, temperature: 23.989386, timestamp: 1656362114
sensorID: 142, temperature: 24.071636, timestamp: 1656362114
sensorID: 15, temperature: 15.939880, timestamp: 1656362144
sensorID: 21, temperature: 16.348726, timestamp: 1656362144
sensorID: 37, temperature: 16.969774, timestamp: 1656362144
sensorID: 49, temperature: 17.998995, timestamp: 1656362144
sensorID: 112, temperature: 19.240981, timestamp: 1656362144
sensorID: 129, temperature: 22.181243, timestamp: 1656362144
sensorID: 132, temperature: 23.805124, timestamp: 1656362144
sensorID: 142, temperature: 24.220922, timestamp: 1656362144
sensorID: 15, temperature: 15.860349, timestamp: 1656362174
sensorID: 21, temperature: 16.413336, timestamp: 1656362174
sensorID: 37, temperature: 16.723102, timestamp: 1656362174
sensorID: 49, temperature: 18.102377, timestamp: 1656362174
sensorID: 112, temperature: 19.045354, timestamp: 1656362174
sensorID: 129, temperature: 21.941258, timestamp: 1656362174
sensorID: 132, temperature: 23.799771, timestamp: 1656362174
sensorID: 142, temperature: 24.059803, timestamp: 1656362174
sensorID: 15, temperature: 16.048119, timestamp: 1656362204
sensorID: 21, temperature: 16.537602, timestamp: 1656362204
sensorID: 37, temperature: 16.706919, timestamp: 1656362204
sensorID: 49, temperature: 18.061509, timestamp: 1656362204
sensorID: 112, temperature: 19.123962, timestamp: 1656362204
sensorID: 129, temperature: 21.966200, timestamp: 1656362204
sensorID: 132, temperature: 24.031765, timestamp: 1656362204
sensorID: 142, temperature: 24.047017, timestamp: 1656362204
sensorID: 15, temperature: 16.029730, timestamp: 1656362234
sensorID: 21, temperature: 16.692299, timestamp: 1656362234
sensorID: 37, temperature: 16.615052, timestamp: 1656362234
sensorID: 49, temperature: 17.831664, timestamp: 1656362234
sensorID: 112, temperature: 18.964152, timestamp: 1656362234
sensorID: 129, temperature: 22.083152, timestamp: 1656362234
sensorID: 132, temperature: 24.212106, timestamp: 1656362234
sensorID: 142, temperature: 24.119082, timestamp: 1656362234
sensorID: 15, temperature: 15.946014, timestamp: 1656362264
sensorID: 21, temperature: 16.595255, timestamp: 1656362264
sensorID: 37, temperature: 16.742091, timestamp: 1656362264
sensorID: 49, temperature: 17.792265, timestamp: 1656362264
sensorID: 112, temperature: 19.005968, timestamp: 1656362264
sensorID: 129, temperature: 21.859500, timestamp: 1656362264
sensorID: 132, temperature: 24.412270, timestamp: 1656362264
sensorID: 142, temperature: 24.348897, timestamp: 1656362264
sensorID: 15, temperature: 16.148865, timestamp: 1656362294
sensorID: 21, temperature: 16.620242, timestamp: 1656362294
sensorID: 37, temperature: 16.605279, timestamp: 1656362294
sensorID: 49, temperature: 17.684464, timestamp: 1656362294
sensorID: 112, temperature: 18.848614, timestamp: 1656362294
sensorID: 129, temperature: 21.667208, timestamp: 1656362294
sensorID: 132, temperature: 24.219509, timestamp: 1656362294
sensorID: 142, temperature: 24.535734, timestamp: 1656362294
sensorID: 15, temperature: 16.064067, timestamp: 1656362324
sensorID: 21, temperature: 16.466205, timestamp: 1656362324
sensorID: 37, temperature: 16.813637, timestamp: 1656362324
sensorID: 49, temperature: 17.691870, timestamp: 1656362324
sensorID: 112, temperature: 18.797117, timestamp: 1656362324
sensorID: 129, temperature: 21.842239, timestamp: 1656362324
sensorID: 132, temperature: 24.288132, timestamp: 1656362324
sensorID: 142, temperature: 24.677853, timestamp: 1656362324
sensorID: 15, temperature: 16.276412, timestamp: 1656362354
sensorID: 21, temperature: 16.613643, timestamp: 1656362354
sensorID: 37, temperature: 16.564385, timestamp: 1656362354
sensorID: 49, temperature: 17.613541, timestamp: 1656362354
sensorID: 112, temperature: 18.641415, timestamp: 1656362354
sensorID: 129, temperature: 21.793195, timestamp: 1656362354
sensorID: 132, temperature: 24.476842, timestamp: 1656362354
sensorID: 142, temperature: 24.473084, timestamp: 1656362354
sensorID: 15, temperature: 16.474462, timestamp: 1656362384
sensorID: 21, temperature: 16.390249, timestamp: 1656362384
sensorID: 37, temperature: 16.795752, timestamp: 1656362384
sensorID: 49, temperature: 17.561727, timestamp: 1656362384
sensorID: 112, temperature: 18.650559, timestamp: 1656362384
sensorID: 129, temperature: 21.710771, timestamp: 1656362384
sensorID: 132, temperature: 24.525780, timestamp: 1656362384
sensorID: 142, temperature: 24.331823, timestamp: 1656362384
sensorID: 15, temperature: 16.630519, timestamp: 1656362414
sensorID: 21, temperature: 16.240274, timestamp: 1656362414
sensorID: 37, temperature: 16.922763, timestamp: 1656362414
sensorID: 49, temperature: 17.440662, timestamp: 1656362414
sensorID: 112, temperature: 18.701503, timestamp: 1656362414
sensorID: 129, temperature: 21.811975, timestamp: 1656362414
sensorID: 132, temperature: 24.590457, timestamp: 1656362414
sensorID: 142, temperature: 24.386696, timestamp: 1656362414
sensorID: 15, temperature: 16.789904, timestamp: 1656362444
sensorID: 21, temperature: 16.182126, timestamp: 1656362444
sensorID: 37, temperature: 17.056833, timestamp: 1656362444
sensorID: 49, temperature: 17.392326, timestamp: 1656362444
sensorID: 112, temperature: 18.697936, timestamp: 1656362444
sensorID: 129, temperature: 21.710926, timestamp: 1656362444
sensorID: 132, temperature: 24.491627, timestamp: 1656362444
sensorID: 142, temperature: 24.159151, timestamp: 1656362444
sensorID: 15, temperature: 16.805459, timestamp: 1656362474
sensorID: 21, temperature: 16.087017, timestamp: 1656362474
sensorID: 37, temperature: 16.988945, timestamp: 1656362474
sensorID: 49, temperature: 17.196469, timestamp: 1656362474
sensorID: 112, temperature: 18.923143, timestamp: 1656362474
sensorID: 129, temperature: 21.931985, timestamp: 1656362474
sensorID: 132, temperature: 24.338313, timestamp: 1656362474
sensorID: 142, temperature: 23.911196, timestamp: 1656362474
sensorID: 15, temperature: 16.981593, timestamp: 1656362504
sensorID: 21, temperature: 15.958753, timestamp: 1656362504
sensorID: 37, temperature: 16.828107, timestamp: 1656362504
sensorID: 49, temperature: 17.050592, timestamp: 1656362504
sensorID: 112, temperature: 19.164879, timestamp: 1656362504
sensorID: 129, temperature: 22.161707, timestamp: 1656362504
sensorID: 132, temperature: 24.313832, timestamp: 1656362504
sensorID: 142, temperature: 23.785940, timestamp: 1656362504
sensorID: 15, temperature: 17.090189, timestamp: 1656362534
sensorID: 21, temperature: 15.981553, timestamp: 1656362534
sensorID: 37, temperature: 16.859683, timestamp: 1656362534
sensorID: 49, temperature: 16.996990, timestamp: 1656362534
sensorID: 112, temperature: 19.303019, timestamp: 1656362534
sensorID: 129, temperature: 21.964152, timestamp: 1656362534
sensorID: 132, temperature: 24.459917, timestamp: 1656362534
sensorID: 142, temperature: 23.639216, timestamp: 1656362534
sensorID: 15, temperature: 17.291441, timestamp: 1656362564
sensorID: 21, temperature: 15.869773, timestamp: 1656362564
sensorID: 37, temperature: 16.750324, timestamp: 1656362564
sensorID: 49, temperature: 16.773672, timestamp: 1656362564
sensorID: 112, temperature: 19.515275, timestamp: 1656362564
sensorID: 129, temperature: 21.750144, timestamp: 1656362564
sensorID: 132, temperature: 24.330011, timestamp: 1656362564
sensorID: 142, temperature: 23.501900, timestamp: 1656362564
sensorID: 15, temperature: 17.339308, timestamp: 1656362594
sensorID: 21, temperature: 15.641202, timestamp: 1656362594
sensorID: 37, temperature: 16.505543, timestamp: 1656362594
sensorID: 49, temperature: 16.809877, timestamp: 1656362594
sensorID: 112, temperature: 19.285771, timestamp: 1656362594
sensorID: 129, temperature: 21.685755, timestamp: 1656362594
sensorID: 132, temperature: 24.487586, timestamp: 1656362594
sensorID: 142, temperature: 23.404337, timestamp: 1656362594
sensorID: 15, temperature: 17.276947, timestamp: 1656362624
sensorID: 21, temperature: 15.484781, timestamp: 1656362624
sensorID: 37, temperature: 16.410817, timestamp: 1656362624
sensorID: 49, temperature: 16.730466, timestamp: 1656362624
sensorID: 112, temperature: 19.448838, timestamp: 1656362624
sensorID: 129, temperature: 21.839174, timestamp: 1656362624
sensorID: 132, temperature: 24.577164, timestamp: 1656362624
sensorID: 142, temperature: 23.356047, timestamp: 1656362624
sensorID: 15, temperature: 17.335215, timestamp: 1656362654
sensorID: 21, temperature: 15.544893, timestamp: 1656362654
sensorID: 37, temperature: 16.385368, timestamp: 1656362654
sensorID: 49, temperature: 16.842360, timestamp: 1656362654
sensorID: 112, temperature: 19.519138, timestamp: 1656362654
sensorID: 129, temperature: 22.088916, timestamp: 1656362654
sensorID: 132, temperature: 24.672574, timestamp: 1656362654
sensorID: 142, temperature: 23.121314, timestamp: 1656362654
sensorID: 15, temperature: 17.140372, timestamp: 1656362684
sensorID: 21, temperature: 15.338278, timestamp: 1656362684
sensorID: 37, temperature: 16.577796, timestamp: 1656362684
sensorID: 49, temperature: 16.916077, timestamp: 1656362684
sensorID: 112, temperature: 19.502283, timestamp: 1656362684
sensorID: 129, temperature: 22.040559, timestamp: 1656362684
sensorID: 132, temperature: 24.887096, timestamp: 1656362684
sensorID: 142, temperature: 23.079974, timestamp: 1656362684
sensorID: 15, temperature: 17.318520, timestamp: 1656362714
sensorID: 21, temperature: 15.296871, timestamp: 1656362714
sensorID: 37, temperature: 16.462463, timestamp: 1656362714
sensorID: 49, temperature: 16.911827, timestamp: 1656362714
sensorID: 112, temperature: 19.700656, timestamp: 1656362714
sensorID: 129, temperature: 21.814585, timestamp: 1656362714
sensorID: 132, temperature: 24.891597, timestamp: 1656362714
sensorID: 142, temperature: 22.928276, timestamp: 1656362714
sensorID: 15, temperature: 17.357190, timestamp: 1656362744
sensorID: 21, temperature: 15.231044, timestamp: 1656362744
sensorID: 37, temperature: 16.483239, timestamp: 1656362744
sensorID: 49, temperature: 16.898312, timestamp: 1656362744
sensorID: 112, temperature: 19.680186, timestamp: 1656362744
sensorID: 129, temperature: 21.965017, timestamp: 1656362744
sensorID: 132, temperature: 25.107676, timestamp: 1656362744
sensorID: 142, temperature: 22.772845, timestamp: 1656362744
